Country,Revenue,Share
United Kingdom,17814429.497,0.8517836732312716
EIRE,664050.09,0.03175106028318277
Netherlands,554230.69,0.02650012749637604
Germany,430703.791,0.020593780858062013
France,356746.51,0.01705756857110744
Australia,169900.61000000002,0.008123671077673564
Spain,109127.21,0.0052178362376933745
Switzerland,100988.99,0.004828713312014976
Sweden,91869.82,0.0043926869929723986
Denmark,69862.19,0.0033404085619582837
